DrawNo,DrawDate,DrawnNo1,DrawnNo2,DrawnNo3,DrawnNo4,DrawnNo5,DrawnNo6,Jackpot
421115,20150321,1,9,17,19,21,57,2053094296
421215,20150322,6,20,24,42,43,52,2068677078
421315,20150325,8,10,19,41,49,50,2085218818
421415,20150328,12,18,19,29,37,53,2101598610
421515,20150329,5,11,17,31,39,45,2117041967
421615,20150331,19,22,26,30,36,44,1512288348
421715,20150401,5,33,40,43,53,62,1525150340
421815,20150404,10,22,24,28,32,34,1539360036
421915,20150405,23,27,35,45,51,56,1552735684
422015,20150407,4,12,23,40,51,61,1563503155
422115,20150408,4,14,19,22,25,50,1575599096
422215,20150411,19,20,22,39,45,47,1588687243
422315,20150412,8,24,28,37,50,60,1601274818
422415,20150415,14,23,26,29,54,61,1613888920
422515,20150418,13,24,37,48,49,56,1626699718
422615,20150419,12,28,43,47,55,58,1638866659
422715,20150422,2,12,19,40,47,62,1651178459
422815,20150425,13,20,27,29,39,52,1663750805
422915,20150426,9,23,37,50,56,61,1675929686
423015,20150428,9,25,43,51,61,62,1686810628
423115,20150429,6,15,18,27,31,63,1699002522
423215,20150502,7,11,13,23,33,61,1713043049
423315,20150503,1,21,29,33,43,48,1726676955
423415,20150505,13,16,21,44,49,50,1737951004
423515,20150506,10,13,16,17,22,38,1750822792
423615,20150509,9,11,16,20,28,33,1765261073
423715,20150510,23,31,34,43,45,49,1779351507
423815,20150513,11,19,21,30,40,63,1793531101
423915,20150516,14,19,27,32,53,58,1808014427
424015,20150517,2,19,27,50,51,60,1822032860
424115,20150520,6,32,35,37,43,51,1836034348
424215,20150523,2,21,32,40,46,58,1850299742
424315,20150524,4,22,27,48,49,55,1864006793
424415,20150526,24,26,30,34,35,48,1875466241
424515,20150527,11,20,29,30,53,54,1888051886
424615,20150530,4,9,16,36,45,49,1902265157
424715,20150531,16,17,19,39,52,55,1915955405
424815,20150602,1,11,22,25,38,61,1927296592
424915,20150603,15,16,26,46,58,60,1939978762
425015,20150606,9,16,20,25,49,53,1953958943
425115,20150607,2,3,10,14,27,42,1967548162
425215,20150610,6,9,11,24,51,56,1981511040
425315,20150613,5,19,40,42,43,46,1995954898
425415,20150614,7,24,25,47,51,53,2010069785
425515,20150617,1,14,17,24,27,50,2024438354
425615,20150620,20,23,35,39,49,50,2039079123
425715,20150621,18,20,31,45,50,53,2053217176
425815,20150624,4,18,38,53,54,58,2067528688
425915,20150627,26,32,38,43,54,58,2082298944
426015,20150628,9,17,21,31,38,50,2096522940
426115,20150701,5,27,28,34,39,50,2111011486
426215,20150704,28,35,43,47,60,63,2125755787
426315,20150705,7,15,29,35,47,60,2140166255
426415,20150708,16,26,27,54,59,62,2154380598
426515,20150711,5,7,23,30,32,54,2169132192
426615,20150712,2,16,32,49,52,60,2183272104
426715,20150715,3,7,12,22,31,48,2197462709
426815,20150718,15,23,42,55,61,63,2211804465
426915,20150719,1,3,6,15,25,39,2225644005
427015,20150722,7,17,25,36,54,55,2240150712
427115,20150725,5,19,23,28,53,61,2254637899
427215,20150726,4,34,42,48,50,51,2268721898
427315,20150728,19,27,30,48,58,59,2280353661
427415,20150729,13,22,37,42,52,58,2293032971
427515,20150801,25,44,47,48,51,60,2307008790
427615,20150802,8,19,24,34,48,52,2320781764
427715,20150804,3,4,12,17,19,38,2332005906
427815,20150805,25,55,56,57,59,63,2344773304
427915,20150808,4,6,17,29,47,54,2358730104
428015,20150809,8,20,26,30,50,55,2372343347
428115,20150812,1,15,27,30,39,61,2385982687
428215,20150815,14,25,28,30,41,57,2399762239
428315,20150816,13,18,23,52,56,60,2413206384
428415,20150819,9,16,29,36,46,57,2426848584
428515,20150822,6,8,14,32,47,63,2440985707
428615,20150823,7,8,17,38,39,63,2454697620
428715,20150826,8,20,29,35,48,63,2468557538
428815,20150829,22,37,38,45,52,56,2482720330
428915,20150830,10,14,19,21,38,43,2496247201
429015,20150901,13,23,25,53,54,60,2507633433
429115,20150902,19,22,23,34,40,55,2520346991
429215,20150905,2,5,16,55,56,59,2534155572
429315,20150906,5,13,18,21,26,28,2547856974
429415,20150909,1,9,20,41,48,53,2561587477
429515,20150912,2,12,42,46,49,60,2575493870
429615,20150913,10,23,42,48,54,63,2589218295
429715,20150916,15,17,29,36,37,45,2602985334
429815,20150919,8,29,36,43,47,51,2616925618
429915,20150920,6,17,42,43,48,49,2630630810
430015,20150923,14,15,27,44,58,59,2644420443
430115,20150926,20,40,44,45,50,59,2658584450
430215,20150927,13,20,24,30,33,39,2672501496
430315,20150929,5,8,18,25,31,53,2684172227
430415,20150930,8,10,13,26,49,55,2697063463
430515,20151003,5,32,36,38,46,56,2711378550
430615,20151004,2,6,15,24,36,40,2725467482
430715,20151006,4,7,22,28,51,56,2736808884
430815,20151007,4,17,21,26,53,55,2749809014
430915,20151010,4,30,34,58,59,62,2764216121
431015,20151011,31,32,41,46,60,63,2778178427
431115,20151014,1,4,27,36,42,46,2792393271
431215,20151017,5,38,46,50,58,60,2806629565
431315,20151018,5,25,36,39,52,63,2820371436
431415,20151021,13,14,18,19,33,63,2834448928
431515,20151024,19,21,22,29,48,54,2848709961
431615,20151025,5,8,13,44,49,55,2862631726
431715,20151027,7,32,38,48,60,62,2875262559
431815,20151028,7,15,19,20,24,26,2888175316
431915,20151031,8,20,26,33,35,56,2903139980
432015,20151101,5,22,34,38,59,61,2917266807
432115,20151103,8,26,30,34,48,52,2928958845
432215,20151104,19,40,42,45,53,58,2942097685
432315,20151107,1,21,23,30,61,63,2956561921
432415,20151108,13,32,33,39,59,60,2970823526
432515,20151111,5,13,23,45,47,55,2985030862
432615,20151114,6,29,39,50,57,62,2999702376
432715,20151115,9,10,13,16,54,56,3013790307
432815,20151118,2,24,25,35,52,60,3028337054
432915,20151121,8,31,50,56,58,61,3043131691
433015,20151122,13,15,19,20,43,63,3057434980
433115,20151124,1,5,11,23,53,57,3069225044
433215,20151125,2,3,20,24,44,59,3082311761
433315,20151128,15,29,33,47,52,54,3096938874
433415,20151129,3,27,38,45,50,52,3111186179
433515,20151201,5,9,13,23,49,56,3123136117
433615,20151202,4,5,44,49,53,58,3136496893
433715,20151205,5,12,15,33,37,53,3151057296
433815,20151206,3,5,32,40,50,60,1513130332
433915,20151209,2,8,22,33,50,54,1525375637
434015,20151212,18,28,31,44,48,61,1537804554
434115,20151213,9,14,25,29,38,40,1549772224
434215,20151216,2,5,24,29,30,39,1561885397
434315,20151219,6,15,27,49,60,61,1574290933
434415,20151220,14,35,48,51,55,62,1587143130
434515,20151223,7,14,34,55,56,63,1600059748
434615,20151226,2,7,12,31,53,57,1612953486
434715,20151227,14,26,32,33,55,60,1625356520
434815,20151229,7,13,30,44,53,59,1636390186
434915,20151230,16,23,26,34,37,61,1648612897
435016,20160102,8,14,20,40,60,62,1662006778
435116,20160103,10,16,24,37,46,58,1674864766
435216,20160105,12,37,41,44,50,56,1685404939
435316,20160106,17,18,23,49,58,62,1697022116
435416,20160109,2,10,18,26,50,63,1709961257
435516,20160110,10,16,36,44,62,63,1723094520
435616,20160113,7,29,37,40,61,62,1736302000
435716,20160116,3,6,15,23,28,43,1750168782
435816,20160117,21,23,28,37,38,46,1763683140
435916,20160120,21,23,34,43,44,57,1777265924
436016,20160123,14,23,26,51,57,59,1791231447
436116,20160124,2,4,17,31,37,39,1804834537
436216,20160126,5,9,34,38,42,49,1816235784
436316,20160127,2,9,36,39,43,58,1828855248
436416,20160130,6,24,27,37,39,44,1843008387
436516,20160131,8,13,17,23,46,63,1856915781
436616,20160203,25,28,36,45,50,60,1871033242
436716,20160206,1,28,41,48,56,59,1887010418
436816,20160207,1,22,28,37,43,53,1903340947
436916,20160209,16,23,28,36,40,62,1917006671
437016,20160210,8,15,36,45,51,53,1931707572
437116,20160213,4,11,19,32,41,58,1947042678
437216,20160214,8,29,31,34,54,55,1961814864
437316,20160216,21,38,40,52,60,61,1973769521
437416,20160217,5,18,21,42,45,47,1986786454
437516,20160220,10,15,20,22,30,32,2001215583
437616,20160221,9,22,49,50,61,62,2015918772
437716,20160223,23,32,33,44,48,62,2027482038
437816,20160224,15,24,25,45,52,58,2040236351
437916,20160227,8,17,30,34,60,62,2054431961
438016,20160228,23,36,50,54,56,60,2068469699
438116,20160301,4,24,39,57,58,61,2079939801
438216,20160302,5,8,22,56,58,62,2092545609
438316,20160305,5,8,13,29,43,52,2106887294
438416,20160306,10,12,13,14,30,49,2121050014
438516,20160309,24,31,34,40,44,49,2134987438
438616,20160312,19,20,44,46,51,62,2149550701
438716,20160313,3,12,34,39,52,60,2163540892
438816,20160316,18,19,30,35,49,50,2177597578
438916,20160319,13,17,18,30,60,61,2192065317
439016,20160320,9,37,42,56,59,62,2206091115
439116,20160323,9,25,33,40,46,49,2220333844
439216,20160326,18,20,25,32,37,62,2235059055
439316,20160327,1,13,19,24,56,63,2249225350
439416,20160329,13,21,33,43,53,56,2261177648
439516,20160330,11,13,26,36,47,62,2274299686
439616,20160402,20,21,26,44,55,62,2289175047
439716,20160403,1,6,15,22,54,57,2303754183
439816,20160405,5,15,21,33,35,58,2315698902
439916,20160406,27,29,38,42,44,51,2329085704
440016,20160409,15,16,22,27,29,56,2343839014
440116,20160410,12,30,34,39,41,58,2358326058
440216,20160413,3,10,32,44,47,48,2372443733
440316,20160416,13,23,24,36,40,50,2386825458
440416,20160417,5,14,19,21,37,41,2401090852
440516,20160420,13,24,27,37,51,62,2415306268
440616,20160423,8,12,13,36,44,58,2429984146
440716,20160424,2,12,13,32,45,46,2444263626
440816,20160426,1,23,35,47,51,59,2455997920
440916,20160427,10,17,21,34,38,52,2469123461
441016,20160430,5,7,8,13,18,42,2483596706
441116,20160501,10,11,25,27,35,62,2497680419
441216,20160503,6,12,25,34,37,59,2509356584
441316,20160504,2,10,22,38,41,55,2522321679
441416,20160507,2,6,14,33,43,54,2536688174
441516,20160508,3,4,8,9,30,44,2550931046
441616,20160511,13,27,43,49,57,62,2565239269
441716,20160514,1,3,50,53,57,61,2579901989
441816,20160515,9,10,20,38,47,56,2594110827
441916,20160518,4,6,17,35,41,46,2608549180
442016,20160521,33,39,40,44,48,53,2623512915
442116,20160522,3,9,20,28,36,63,2638320851
442216,20160525,20,22,30,38,54,58,2653045561
442316,20160528,3,13,22,31,46,50,2667999071
442416,20160529,2,5,15,27,40,50,2683306006
442516,20160531,4,10,16,17,26,49,2696229703
442616,20160601,6,23,29,31,53,54,2710031062
442716,20160604,25,27,35,37,42,62,2725632005
442816,20160605,8,10,30,36,47,59,2741385171
442916,20160608,18,28,31,36,38,55,2757126897
443016,20160611,8,12,23,26,27,54,2773146329
443116,20160612,23,26,27,34,39,61,2789019186
443216,20160615,8,11,23,35,46,51,2804799880
443316,20160618,12,24,26,28,34,44,2820886236
443416,20160619,12,21,32,43,57,60,2836621813
443516,20160622,6,20,26,38,60,61,2852797687
443616,20160625,12,26,32,40,47,59,2869108196
443716,20160626,17,28,36,51,59,62,2885062349
443816,20160629,6,9,21,26,31,37,2900936779
443916,20160702,20,26,32,39,41,46,2917583195
444016,20160703,8,19,40,55,60,62,2933922518
444116,20160706,5,10,19,37,58,61,2950742464
444216,20160709,17,23,26,45,55,61,2967543820
444316,20160710,16,18,21,22,25,53,2983944991
444416,20160712,23,29,33,35,52,54,2997645178
444516,20160713,2,9,16,19,23,37,3012744477
444616,20160716,4,14,27,47,49,58,3029720150
444716,20160717,6,9,17,39,48,58,3046531159
444816,20160720,23,30,31,33,43,55,3063327868
444916,20160723,7,12,15,35,44,61,3080749201
445016,20160724,1,20,41,44,57,60,3097843993
445116,20160727,1,4,19,24,48,63,3115093940
445216,20160730,12,25,45,53,59,63,3132726984
445316,20160731,36,47,53,55,60,62,3150353736
445416,20160803,6,35,40,50,56,58,3167895904
445516,20160806,5,16,20,40,52,53,3186053758
445616,20160807,5,33,34,38,53,54,3203801774
445716,20160809,29,34,36,54,56,62,3218165552
445816,20160810,22,32,36,41,43,54,3234027970
445916,20160813,21,23,31,43,46,50,3251713281
446016,20160814,4,15,22,57,58,60,3269228207
446116,20160817,12,29,32,35,61,63,3286612360
446216,20160820,14,29,36,39,49,59,3304435380
446316,20160821,23,24,25,34,36,62,3322098812
446416,20160824,27,28,29,47,54,63,3339546028
446516,20160827,5,13,21,26,51,56,3357819784
446616,20160828,35,45,49,51,52,53,3375606410
446716,20160830,9,12,21,29,45,55,1511644276
446816,20160831,4,9,31,43,57,63,1524142619
446916,20160903,10,19,29,30,32,35,1536698806
447016,20160904,17,33,42,44,51,57,1548799037
447116,20160906,21,33,36,52,59,60,1558589461
447216,20160907,8,25,26,33,37,46,1569794369
447316,20160910,3,7,18,27,30,58,1582050899
447416,20160911,9,14,28,42,44,53,1594081132
447516,20160914,1,6,25,30,47,61,1605728625
447616,20160917,11,14,16,49,57,62,1617787958
447716,20160918,2,7,10,13,19,43,1629381540
447816,20160921,1,22,26,48,52,55,1640922999
447916,20160924,11,30,47,55,58,63,1652916767
448016,20160925,17,27,32,39,55,56,1664606374
448116,20160927,9,24,41,50,51,63,1674190663
448216,20160928,1,8,26,32,54,57,1684940402
448316,20161001,4,7,15,17,35,40,1696792743
448416,20161002,14,23,33,41,58,62,1708408562
448516,20161004,3,4,6,39,50,54,1717904978
448616,20161005,12,26,28,31,38,45,1730007211
448716,20161008,3,18,19,29,39,44,1744575408
448816,20161009,3,13,24,32,35,62,1758976867
448916,20161012,39,41,45,50,52,57,1773418080
449016,20161015,18,33,40,51,58,59,1788342561
449116,20161016,12,13,14,15,46,47,1802915548
449216,20161019,18,35,52,54,61,62,1817960364
449316,20161022,7,21,24,35,48,55,1833359534
449416,20161023,23,35,37,39,46,61,1848399202
449516,20161025,5,11,17,28,58,61,1860407055
449616,20161026,12,17,22,38,42,51,1873836185
449716,20161029,24,35,37,45,53,63,1888655132
449816,20161030,4,5,6,7,47,54,1903153902
449916,20161101,7,11,25,31,40,46,1915478000
450016,20161102,13,17,27,38,43,54,1929102468
450116,20161105,13,19,31,36,41,48,1944145282
450216,20161106,12,27,31,33,42,47,1959080131
450316,20161109,8,19,42,46,52,63,1973317283
450416,20161112,1,6,26,45,46,55,1988088397
450516,20161113,18,19,26,32,46,61,2002352790
450616,20161116,1,9,12,14,46,57,2016982691
450716,20161119,3,19,26,33,40,41,2031667433
450816,20161120,9,36,50,56,59,63,2045930468
450916,20161123,9,19,33,46,48,58,2060163258
451016,20161126,2,11,18,30,31,46,2074848858
451116,20161127,3,11,28,36,51,57,2089229939
451216,20161129,1,2,30,39,58,63,2101220704
451316,20161130,7,27,32,33,34,49,2114423036
451416,20161203,2,6,44,45,57,58,2129212525
451516,20161204,13,19,27,29,48,56,2143642441
451616,20161206,14,19,38,43,44,60,2155192051
451716,20161207,20,27,28,47,58,63,2168202906
451816,20161210,10,22,29,44,46,61,2182416248
451916,20161211,5,10,14,28,43,51,2196242203
452016,20161214,1,26,48,55,56,58,2210128147
452116,20161217,4,26,33,38,53,57,2224308456
452216,20161218,18,24,25,34,39,54,2238187822
452316,20161221,1,5,37,44,46,57,2252345752
452416,20161224,1,10,13,19,51,62,2266929107
452516,20161225,9,10,12,33,34,39,2280871393
452616,20161227,6,16,17,40,45,51,2292633143
452716,20161228,17,25,26,44,49,58,2305573785
452816,20161231,17,18,32,33,39,50,2321048173
452917,20170101,14,37,39,40,42,56,2335789042
453017,20170103,5,8,22,32,34,42,2347565307
453117,20170104,12,19,37,38,50,63,2360709653
453217,20170107,3,13,18,31,34,47,2378504573
453317,20170108,3,11,36,40,46,50,2396521644
453417,20170111,7,16,26,48,62,63,2415091982
453517,20170114,11,13,26,29,35,57,2434714943
453617,20170115,1,4,9,24,40,44,2453706416
453717,20170117,3,32,49,53,55,63,2468901024
453817,20170118,7,13,22,29,58,59,2486334011
453917,20170121,7,14,36,41,47,49,2509539193
454017,20170122,9,20,22,40,47,55,2532117463
454117,20170124,6,11,25,32,45,60,2550252080
454217,20170125,17,35,42,47,55,63,2571690211
454317,20170128,13,34,35,38,39,62,2599936715
454417,20170129,30,36,46,58,60,63,2626921745
454517,20170131,2,12,29,40,44,57,2650228457
454617,20170201,19,32,36,51,55,62,2674751742
454717,20170204,10,15,21,32,46,55,2702349384
454817,20170205,6,8,43,50,51,57,2728772996
454917,20170207,2,13,27,31,38,46,2748937355
455017,20170208,3,13,34,43,58,63,2771683150
455117,20170211,3,12,24,31,40,54,2798721233
455217,20170212,1,6,23,26,27,63,2825085500
455317,20170215,9,16,41,45,49,59,2850409156
455417,20170218,2,11,17,40,47,51,2876722872
455517,20170219,8,17,22,47,58,63,2902002770
455617,20170222,15,16,23,42,57,59,2928417158
455717,20170225,2,6,8,24,30,31,2955814528
455817,20170226,14,31,37,38,42,61,2982751724